Feature,Importance
T-WG,0.005801131790402118
H-WG,0.03452388053983025
CC-WG,0.0009563341770291092
SR-WG,0.0010932863389087441
T-WS,0.0616936636108208
H-WS,0.852826715554882
CC-WS,0.02005935066208857
SR-WS,0.023045637326038457
